customer_id,name,email,phone,city,signup_date
1,Aryan Maharaj,udantdewan@example.net,8196001338,Delhi,2024-11-11
2,Thomas Sen,abeer26@example.com,2351161559,Mumbai,2025-07-31
3,Kritika Brar,janaki93@example.net,0341316475,Hyderabad,2024-11-19
4,Ekbal Garg,nihalshere@example.com,8350305641,Pune,2024-11-22
5,Meghana Shanker,alkadewan@example.org,9696532871,Pune,2025-10-10
6,Pahal Bhatt,mraj@example.com,8018451462,Bangalore,2025-07-03
7,Yashica Cherian,yashica93@example.org,2880957015,Delhi,2024-12-14
8,Frederick Sunder,waliajeremiah@example.org,8248963834,Delhi,2026-05-09
9,Jai Kota,devanshnigam@example.org,9301031051,Kolkata,2025-11-11
10,Tanish Zacharia,urvashikibe@example.com,3116566701,Mumbai,2026-02-21
11,Yuvraj Handa,saumyadey@example.com,4731781080,Mumbai,2025-04-21
12,Vasana Kala,kbhargava@example.com,6474687234,Delhi,2026-01-02
13,Dipta Bhandari,soodyadavi@example.net,0812191361,Pune,2025-09-14
14,Finn Saini,advika35@example.org,6247510799,Pune,2024-11-22
15,Kevin Palla,kondakala@example.com,7849808412,Mumbai,2026-01-07
16,Anita Manda,hemaljani@example.net,8740164005,Pune,2026-01-06
17,Prisha Andra,borramanthan@example.net,5982620450,Kolkata,2025-11-10
18,Irya Ray,warjasgaba@example.org,0256342160,Pune,2026-03-06
19,Inaya Mody,udantbajwa@example.net,6541458685,Ahmedabad,2024-10-26
20,Balvan Chopra,upai@example.com,9816934060,Hyderabad,2025-03-19
21,Ekaraj Narayanan,jeet48@example.com,5648236629,Mumbai,2025-08-09
22,Daksha Mangat,qushinagy@example.com,7387214895,Bangalore,2024-12-01
23,Manan Bakshi,kondavaishnavi@example.net,7693676320,Kolkata,2024-10-24
24,Chandresh Krish,shankiaan@example.com,7986872774,Chennai,2025-06-21
25,Anvi Sarraf,mangalwahab@example.com,5812236231,Hyderabad,2025-08-05
26,Ojasvi Bhatia,osharamachandran@example.net,9670546688,Bangalore,2024-11-27
27,Rajata Sunder,ramachandrangayathri@example.net,2729806990,Pune,2026-04-14
28,Qabil Bedi,ladli53@example.com,5646417080,Chennai,2026-02-06
29,Azaan Kota,anmoldua@example.org,7193745299,Delhi,2024-09-01
30,Devika Prashad,eissac@example.net,1491905865,Delhi,2024-06-19
31,Vrishti Cherian,opathak@example.com,6284987769,Kolkata,2026-03-17
32,Arya Seshadri,ucchalraghavan@example.com,7527354549,Delhi,2025-07-16
33,Frederick Khurana,jsuresh@example.org,7701436349,Chennai,2025-07-27
34,Pavani Narayanan,sudiksha44@example.com,1351823374,Chennai,2025-01-15
35,Rishi Minhas,jalsagola@example.com,8240084271,Hyderabad,2025-06-09
36,Ridhi Oak,charankrishnan@example.com,1671902294,Mumbai,2025-08-17
37,Upkaar Virk,cseshadri@example.com,4990913341,Ahmedabad,2025-08-12
38,Naksh Agate,sseshadri@example.net,4034471349,Delhi,2025-08-06
39,Manthan Lata,ekbalbhasin@example.org,9947174648,Kolkata,2024-08-11
40,Rachana Naidu,atharv13@example.net,4902787429,Delhi,2025-06-10
41,Nilima Nath,henry25@example.com,4680715451,Hyderabad,2025-11-02
42,Odika Bhagat,zarnapathak@example.net,7034824771,Chennai,2025-12-13
43,Deepa Atwal,ochander@example.org,1274846773,Pune,2025-04-03
44,Yashoda Deshpande,majumdaroeshi@example.com,0449972787,Delhi,2026-01-23
45,Tamanna Nagy,williamrajagopal@example.org,0576627028,Mumbai,2026-04-20
46,Harish Vora,uaurora@example.org,2174596158,Pune,2026-04-18
47,Ekapad Keer,utkarsh16@example.org,7240050455,Hyderabad,2025-07-27
48,Pranit Garde,farhanraja@example.net,7923747407,Delhi,2024-08-06
49,Hemani Mistry,dkrishna@example.com,6713695944,Pune,2024-06-16
50,Watika Mangat,indirakanda@example.net,9421047095,Delhi,2025-02-18
51,Parth Iyer,jasmitwali@example.net,2474517123,Kolkata,2024-08-19
52,Akshay Lalla,shajyoti@example.net,9651370985,Hyderabad,2025-10-16
53,Chasmum Rege,deychakradev@example.org,7113826758,Ahmedabad,2026-04-28
54,Hardik Suri,cmammen@example.net,3773515850,Chennai,2024-09-12
55,Gavin Kala,bedigauri@example.org,9318393352,Bangalore,2026-04-07
56,Kalpit Zachariah,owen10@example.org,5395024026,Chennai,2025-06-14
57,Janaki Varghese,sethyahvi@example.org,8470076617,Chennai,2025-02-15
58,Dominic Date,ekta69@example.net,7896118367,Pune,2026-03-14
59,Mohini Sagar,munshiprisha@example.com,5271111615,Hyderabad,2025-09-08
60,Jason Roy,pallavi04@example.net,5198327315,Delhi,2026-01-23
61,Upkaar Sanghvi,lokeayush@example.org,4550229612,Bangalore,2024-11-24
62,Oni Setty,nakul54@example.net,9910229014,Pune,2025-09-24
63,Oeshi Mahajan,yauvanicomar@example.com,1497840369,Bangalore,2025-01-30
64,Laksh Kumer,falak10@example.com,2268388516,Ahmedabad,2025-06-02
65,Dhriti Sanghvi,ssahni@example.org,0529751613,Kolkata,2025-07-21
66,Meghana Mukherjee,timothy52@example.org,8835523124,Hyderabad,2024-10-06
67,Peter Tak,rsen@example.net,5271774490,Pune,2025-02-06
68,Siya Barad,pillaybhavini@example.org,9986798079,Chennai,2025-06-14
69,David Seshadri,ozafrado@example.net,0377889255,Mumbai,2026-02-01
70,Charles Natt,narayangirindra@example.net,4492519254,Pune,2025-12-12
71,Dayita Puri,joshua81@example.net,8505423573,Mumbai,2024-08-08
72,Harrison Tripathi,nayarkaran@example.net,2229270653,Chennai,2026-01-15
73,Vivaan Walla,dayamaisingh@example.org,9774688623,Kolkata,2024-07-20
74,Kamya Chauhan,manefiyaz@example.org,7826137506,Hyderabad,2025-03-27
75,Libni Bumb,udarsh05@example.org,2204727790,Delhi,2024-11-24
76,Pallavi Choudhry,wazir41@example.org,6971179808,Pune,2025-01-22
77,Aarav Pandit,omajagrover@example.net,8518888806,Chennai,2025-03-26
78,Amol Parikh,paiwridesh@example.net,9520585277,Pune,2025-12-18
79,Balhaar Memon,calebiyengar@example.org,4868740345,Ahmedabad,2024-09-14
80,Rajeshri Ratta,vraju@example.org,7584161692,Kolkata,2024-08-28
81,Falak Merchant,sanaya96@example.org,5705964016,Ahmedabad,2024-07-04
82,Raksha Banerjee,ekalingakeer@example.net,5690927557,Bangalore,2025-07-26
83,Mitali Murthy,zaid10@example.net,7868144739,Hyderabad,2024-09-13
84,Ethan Seth,saichahal@example.net,5188442258,Bangalore,2026-02-15
85,Warjas Tak,pateljyoti@example.com,9114678669,Pune,2025-10-21
86,Shivani Shukla,kabir89@example.org,6801824225,Hyderabad,2026-05-06
87,Farhan Krishna,anvidass@example.net,9818299229,Kolkata,2024-07-11
88,Finn Bath,shivansh96@example.net,7844736471,Kolkata,2025-04-28
89,Ucchal Jani,maanas55@example.net,6258815371,Chennai,2024-09-27
90,Chandresh Mannan,psahota@example.org,9532787747,Pune,2025-07-07
91,Wridesh Kale,chanakya04@example.com,4801624565,Bangalore,2025-08-26
92,Janani Mani,rajuyamini@example.com,9912165585,Ahmedabad,2025-07-10
93,Xiti Baria,baradlaksh@example.net,7872982595,Delhi,2026-01-05
94,Gayathri Tripathi,emistry@example.org,5169409749,Mumbai,2025-09-06
95,Onkar Viswanathan,rdivan@example.org,9130756263,Delhi,2026-05-25
96,David Devi,ektasridhar@example.net,5278585497,Bangalore,2025-08-17
97,Umang Mishra,sarthak75@example.com,8441986652,Bangalore,2025-12-16
98,Hiral Sathe,varenya33@example.net,8421993308,Kolkata,2024-08-26
99,Ganga Sodhi,devanabdul@example.net,6773454019,Delhi,2026-05-20
100,Omisha Goda,ranganathanwarhi@example.org,0049915478,Kolkata,2026-04-02
101,Anjali Hans,narayanannicholas@example.net,4205493296,Kolkata,2024-08-16
102,Girish Goyal,vanshanaik@example.org,4637454990,Ahmedabad,2024-07-28
103,Udyati Mohanty,nidrathakkar@example.net,1459332727,Hyderabad,2025-12-07
104,Tejas Kota,vorasanya@example.net,1910883982,Mumbai,2025-05-19
105,Samesh Suresh,uppalsanaya@example.org,2867908740,Delhi,2026-01-10
106,Elijah Bath,spadmanabhan@example.org,1704622656,Hyderabad,2024-08-11
107,Ijaya Dani,mayawadhwa@example.org,0047868633,Chennai,2025-01-10
108,Isaiah Balay,pbabu@example.org,1907903067,Delhi,2026-01-16
109,Logan Thakur,vivaan95@example.net,3428364408,Hyderabad,2025-08-15
110,Champak Padmanabhan,uvohra@example.net,6246287334,Kolkata,2025-08-20
111,Omaja Wagle,lipikakibe@example.com,5175183046,Bangalore,2026-04-19
112,Raghav Kalla,vjoshi@example.com,3317393638,Ahmedabad,2025-06-07
113,Darika Lal,yochana77@example.org,5355609320,Mumbai,2025-09-02
114,Chakrika Dua,forumkarpe@example.com,7854777252,Hyderabad,2024-10-30
115,Bahadurjit Borde,ahujanitara@example.org,1203875099,Bangalore,2024-06-15
116,Advik Badal,bhavini08@example.net,2118233984,Delhi,2024-08-10
117,Nidra Sharaf,upkaarmital@example.net,0166687002,Hyderabad,2025-10-23
118,Girish Wable,karpesiddharth@example.net,4014890250,Pune,2026-01-15
119,Faraj Mistry,wrideshramachandran@example.net,6218501631,Bangalore,2025-09-15
120,Eta Balan,shravya73@example.com,6296194311,Chennai,2025-12-14
121,Lopa Nadig,hredhaan10@example.com,5412126788,Bangalore,2024-06-30
122,Irya Chander,lekha04@example.com,1839826224,Mumbai,2024-10-01
123,Oliver Saran,oviya47@example.org,4379937124,Chennai,2026-03-25
124,Forum Sarraf,qushi92@example.com,9375265479,Ahmedabad,2025-01-13
125,Janya Comar,pranitbala@example.net,3741672434,Mumbai,2024-08-06
126,Varenya Rattan,ybansal@example.com,1352909656,Delhi,2024-12-27
127,Yashvi Venkataraman,sanayaprasad@example.com,9825071461,Chennai,2025-02-07
128,Tamanna Jhaveri,epall@example.org,7514010512,Hyderabad,2025-08-12
129,Ganga Sandhu,zkata@example.com,2660937966,Pune,2025-01-12
130,Harsh Yadav,jasmitnanda@example.org,1478596969,Mumbai,2026-03-28
131,Orinder Mishra,desaidhriti@example.org,4125286692,Pune,2024-11-01
132,Oscar Ganesan,imani@example.org,7905072368,Delhi,2025-11-23
133,Ojasvi Sawhney,fganesh@example.net,3404384279,Delhi,2024-09-05
134,Amrita Peri,sastrytejas@example.com,3407451713,Ahmedabad,2026-04-09
135,Noah Dewan,samuelbhargava@example.net,8498254494,Delhi,2026-01-13
136,Daniel Malhotra,kevinkrish@example.org,3672946671,Bangalore,2026-01-13
137,Jyoti Sha,lnarang@example.org,7518636374,Bangalore,2025-08-09
138,Vedhika Oza,batrahardik@example.net,0127706324,Ahmedabad,2025-10-31
139,Zashil Butala,noah06@example.net,3611037129,Bangalore,2024-06-17
140,Hemal Dara,edeo@example.org,6111554262,Hyderabad,2025-08-21
141,Nitesh Sarraf,tanay26@example.net,3112196565,Kolkata,2025-10-23
142,Yuvraj Mane,mitrasamesh@example.net,6403761379,Pune,2025-03-17
143,Kevin Ram,ipau@example.net,7109104300,Pune,2025-10-11
144,Pallavi Ratti,yadavmichael@example.com,4183285691,Hyderabad,2024-07-24
145,Gabriel Saraf,settychristopher@example.com,1020275884,Kolkata,2026-01-13
146,Jacob Balan,pushti48@example.org,9177850792,Chennai,2026-01-31
147,Jack Kari,basuadvik@example.org,7562208635,Ahmedabad,2025-01-06
148,Kashish Dar,golaudant@example.net,6174451870,Ahmedabad,2025-08-21
149,Xavier Shetty,wakeeta38@example.org,0603850506,Delhi,2025-07-26
150,Oni Swamy,dharati@example.org,3865719182,Pune,2025-08-25
151,Radhika De,bishakhalal@example.com,5574313291,Pune,2025-05-25
152,Dipta Ray,wasonishita@example.org,4741124903,Delhi,2025-12-14
153,Ishani Randhawa,mistryabha@example.org,6788317121,Chennai,2024-09-19
154,Nandini Pradhan,ladfalan@example.org,3721510702,Mumbai,2025-06-30
155,Lavanya Sandhu,iryakala@example.org,4720999347,Pune,2024-07-27
156,Ati Rajagopal,oniiyengar@example.net,8065787598,Pune,2024-10-27
157,Eiravati Kanda,manddalbir@example.com,9321334803,Mumbai,2026-06-06
158,Patrick Khalsa,jagrati90@example.net,9929378427,Delhi,2024-12-07
159,Anmol Vyas,vacharya@example.net,2525002921,Mumbai,2025-03-27
160,Harrison Nayar,ekantika22@example.net,7528953926,Pune,2024-10-26
161,Mahika Bali,eeshakant@example.net,7251355215,Delhi,2024-11-19
162,Ekansh Palla,hritik00@example.com,6267658617,Mumbai,2025-05-26
163,Bahadurjit Menon,nagaradvika@example.org,5262181599,Chennai,2025-10-30
164,Radha Dugar,chaudhurigarima@example.org,6884443106,Delhi,2024-10-07
165,Jalsa Aggarwal,schahal@example.net,3103241714,Pune,2026-05-06
166,Gavin Ram,kamalaraj@example.com,7047743490,Hyderabad,2025-11-10
167,Odika Karan,ramomya@example.net,9374160898,Ahmedabad,2024-09-11
168,Oscar Ganesh,reyanshdate@example.org,1632945116,Pune,2025-02-18
169,Zinal Shanker,virkoni@example.org,2299911914,Bangalore,2025-01-01
170,Vedika Solanki,geraanya@example.com,9960653074,Ahmedabad,2026-03-06
171,Deepa Mand,ochaudhari@example.org,7546913736,Pune,2026-03-09
172,Yutika Dutt,mukhopadhyayyashawini@example.com,8902330307,Ahmedabad,2025-01-08
173,Ucchal Tiwari,rdasgupta@example.org,5797279855,Kolkata,2025-01-17
174,Libni Bawa,tanishkant@example.net,3468007229,Pune,2025-09-25
175,Anvi Sampath,dpalla@example.com,7489691085,Delhi,2025-01-15
176,Hritik Subramaniam,nayararadhana@example.net,4443283096,Delhi,2025-11-01
177,Chakrika Lad,yravel@example.net,9935387584,Kolkata,2025-01-24
178,Urishilla Dave,qadim51@example.org,3465549471,Chennai,2025-09-03
179,Urmi Hayer,rajchanchal@example.com,2235697252,Kolkata,2025-10-13
180,Dhriti Bhardwaj,sethanusha@example.org,9271296666,Kolkata,2024-07-09
181,Kashvi Atwal,rayaan00@example.net,3542168942,Ahmedabad,2025-01-21
182,Zinal Viswanathan,radha25@example.com,3260332309,Mumbai,2025-03-21
183,Keya Kumer,bavahritik@example.net,0167618472,Delhi,2025-05-02
184,Zinal Madan,omyacheema@example.net,4117393483,Mumbai,2024-10-12
185,Watika Johal,pnarayanan@example.org,1197218114,Kolkata,2025-01-01
186,Chandresh Chaudhry,balveermannan@example.com,6110022557,Chennai,2025-03-26
187,Qadim Comar,dratta@example.com,7621202169,Delhi,2024-10-28
188,Jagrati Balakrishnan,vasudhasura@example.org,7014508993,Pune,2025-11-26
189,Rachita Kothari,qpal@example.net,2890028772,Pune,2024-12-14
190,Arunima Bedi,kritikarau@example.org,7797177517,Pune,2025-04-26
191,Aadi Chand,yashoda83@example.net,5503758997,Ahmedabad,2024-08-24
192,Aarnav Om,bishakha88@example.com,0272614933,Bangalore,2025-05-30
193,Hamsini Chokshi,obatra@example.net,7798270808,Kolkata,2026-05-28
194,Oscar Dave,ramekanta@example.net,6934654722,Bangalore,2025-01-28
195,Teerth Iyer,binapai@example.net,2885158799,Hyderabad,2026-04-22
196,Agastya Virk,bakshilakshmi@example.org,0342442043,Ahmedabad,2026-03-04
197,Harsh Kapur,gkhanna@example.net,0666580043,Pune,2026-05-18
198,Ronith Hari,saumya21@example.org,8160648422,Delhi,2025-02-21
199,Mohammed Baral,ekantikabehl@example.net,7985158328,Ahmedabad,2025-04-29
200,George Palla,tanaynarula@example.com,4398780157,Delhi,2024-12-16
201,Ekani Raj,rajuaahana@example.net,0858877043,Mumbai,2024-08-23
202,Abhimanyu Bhatti,tanaysamra@example.org,8612075011,Mumbai,2025-08-17
203,Vedant Kuruvilla,crama@example.net,6506180919,Delhi,2026-05-31
204,Bimala Mitra,mandaraksha@example.com,0728326842,Pune,2025-08-13
205,Jatin Barman,rameshfrederick@example.com,5368222394,Bangalore,2025-11-13
206,Triya Bora,ekalinga41@example.org,5523149135,Kolkata,2025-10-01
207,Michael Patla,priya20@example.com,3645257775,Ahmedabad,2024-09-02
208,Finn Mand,ronithlall@example.net,1080996930,Ahmedabad,2026-05-05
209,Manthan Pau,xkapoor@example.net,2788165803,Pune,2024-09-27
210,Nathaniel Gola,vedaparmer@example.org,7314530385,Kolkata,2026-04-25
211,Balveer Naik,vermaanusha@example.net,9892665918,Mumbai,2025-07-16
212,Ira Pai,msubramaniam@example.org,7231843222,Bangalore,2025-11-05
213,Oeshi Narayanan,subramaniamvarenya@example.com,9260302992,Kolkata,2026-05-02
214,Daksh Ganesan,pranit86@example.net,4137977236,Mumbai,2026-03-09
215,Yasti Lalla,hemasetty@example.net,3662103886,Kolkata,2024-10-25
216,Balvan Wali,chandervasatika@example.net,9806865086,Hyderabad,2025-03-09
217,Pavani Desai,vansha31@example.com,4300981806,Ahmedabad,2025-03-18
218,Mohammed Sandhu,advika86@example.net,9463688725,Hyderabad,2024-12-24
219,Hemangini Rao,jagatkarpe@example.com,1386589026,Kolkata,2025-06-11
220,Gaurang Bhatt,tristan51@example.net,6698490277,Ahmedabad,2025-01-18
221,Bahadurjit Uppal,omkaarbanik@example.com,0214656693,Bangalore,2026-05-24
222,Bhavani Pall,aradhana39@example.org,6904268181,Pune,2024-09-08
223,Zashil Savant,xsule@example.org,7790714163,Hyderabad,2025-03-11
224,Adya Kothari,girik65@example.org,7553942373,Pune,2024-11-17
225,Samaksh Krish,nachiket11@example.org,9080759579,Mumbai,2026-01-24
226,Mitali Kapadia,chaturavora@example.com,8085627187,Mumbai,2025-11-15
227,Ladli Chaudhuri,janaki94@example.org,3479552763,Chennai,2026-04-04
228,Ati Seshadri,karankarnik@example.org,3866322702,Mumbai,2026-05-04
229,Vidhi Mital,champak61@example.net,0347175455,Mumbai,2025-03-04
230,Nisha Dara,rushil99@example.net,4558771694,Ahmedabad,2025-10-20
231,Oviya Ravel,buchneel@example.com,5544964759,Bangalore,2024-10-17
232,Arin Dass,zayanbuch@example.org,6111780068,Mumbai,2025-10-03
233,Frado Ramakrishnan,veer34@example.com,2820055778,Delhi,2024-09-22
234,Tanmayi Saran,idika78@example.org,7456424008,Bangalore,2025-06-09
235,Vyanjana Sood,aditya64@example.net,0853686632,Delhi,2024-12-31
236,Pahal Khatri,bhavani84@example.com,1224179749,Delhi,2024-06-25
237,Chandran Warrior,grewalharsh@example.com,2703120735,Pune,2025-03-25
238,Azad Narayanan,dhingradaksh@example.com,1872346013,Kolkata,2026-01-03
239,Rushil Sharma,vermasathvik@example.com,4520881474,Delhi,2026-04-11
240,Isaiah Keer,anair@example.org,9163009792,Pune,2024-10-10
241,Gavin Nigam,bhasinishani@example.net,8127358573,Mumbai,2025-12-24
242,Zashil Baral,jsarma@example.com,3928557498,Delhi,2024-10-08
243,Chakrika Lall,sudiksha08@example.com,0959351863,Kolkata,2024-10-07
244,Ekantika Rout,indrajit18@example.net,0220317310,Chennai,2025-07-23
245,Chandran Peri,ekavirarya@example.org,1705865094,Hyderabad,2026-03-20
246,Faras Kalita,chaudhurivihaan@example.net,3383928861,Pune,2025-12-07
247,Hemang Ganesan,neelimathaman@example.com,8975585566,Chennai,2025-08-21
248,Keya Kumar,sneha76@example.org,4908240433,Pune,2026-05-24
249,Girindra Barad,jparekh@example.org,5933441969,Hyderabad,2026-02-15
250,Oscar Sura,mitalbaljiwan@example.net,1055661390,Kolkata,2025-07-22
251,Eiravati Zacharia,etathakkar@example.net,2067998136,Bangalore,2024-09-20
252,Fitan Soni,rastogiadweta@example.org,8622783769,Hyderabad,2026-01-02
253,Xavier Bora,qushi59@example.org,6655355904,Ahmedabad,2026-03-10
254,Madhav Sastry,kaurryan@example.net,2110392405,Chennai,2025-06-10
255,Garima Kadakia,samarvirk@example.com,9206980420,Delhi,2025-01-06
256,Udyati Anand,ramaanika@example.net,1046368157,Mumbai,2024-11-01
257,Xiti Shankar,baralyug@example.net,5762055543,Ahmedabad,2025-10-09
258,Lila Balan,umang25@example.com,1689363926,Delhi,2025-05-24
259,Samuel Devi,lakshitmore@example.net,6292518812,Delhi,2026-01-25
260,Odika Sabharwal,saanvi42@example.org,2209949993,Pune,2025-11-25
261,Jagrati Buch,gdesai@example.net,5267722330,Hyderabad,2025-04-26
262,Samaksh Jayaraman,goelreva@example.net,5736609656,Bangalore,2025-07-31
263,Ikbal Seth,pbasak@example.net,0868034764,Chennai,2025-05-04
264,Chatura Varughese,ubikaseth@example.org,2982665702,Delhi,2026-04-26
265,Gautam Krishna,nihal11@example.org,5186892686,Pune,2025-08-23
266,Nicholas Dhillon,charansaini@example.com,7421230940,Chennai,2025-08-06
267,Wakeeta Khanna,vamakshisetty@example.com,1990384983,Hyderabad,2024-07-22
268,Balhaar Dhillon,misragarima@example.org,1622499982,Bangalore,2026-06-03
269,Girik Mistry,jyoti61@example.com,4721458683,Ahmedabad,2024-09-02
270,Veda Mani,qnadig@example.net,2997877293,Hyderabad,2024-09-09
271,Udyati Dalal,oeshisachdev@example.org,5830344144,Mumbai,2026-01-26
272,Ishaan Nath,meghana99@example.org,3557702727,Hyderabad,2026-02-08
273,Daksh Verma,diya88@example.org,9551240568,Delhi,2025-04-08
274,Jackson Morar,azad46@example.org,3574384215,Bangalore,2025-05-20
275,Vasudha Tella,ranveeroak@example.com,5218230768,Hyderabad,2026-06-04
276,Gagan Nath,gbatra@example.net,0943533448,Delhi,2025-01-07
277,Nakul Mahal,aurorayoshita@example.org,8585424932,Delhi,2026-05-04
278,Sachi Bedi,ayushsinha@example.net,1601662997,Bangalore,2025-02-23
279,Farhan Shroff,giriksidhu@example.org,4773329456,Hyderabad,2025-05-28
280,Ayushman Bhattacharyya,wchowdhury@example.com,2459928161,Hyderabad,2026-02-15
281,Triya Rattan,nkhare@example.org,7615396695,Pune,2025-11-06
282,Vidhi Contractor,jnanda@example.org,2461919657,Chennai,2026-03-06
283,Aadi Din,snehawali@example.com,9973354946,Pune,2024-06-16
284,Joshua Menon,pinglechatresh@example.org,1403696566,Hyderabad,2024-11-21
285,Vaishnavi Dewan,leenaparsa@example.com,4220102762,Ahmedabad,2026-04-09
286,Pavani Gole,bupadhyay@example.net,6532690973,Hyderabad,2026-05-30
287,Bahadurjit Barad,hpillay@example.net,1284781891,Mumbai,2025-11-23
288,Chatresh Oza,singhsudiksha@example.net,9565442094,Delhi,2025-10-11
289,Omkaar Behl,avi47@example.org,8144294440,Kolkata,2026-05-17
290,Sanya Pingle,advikakeer@example.com,8051292766,Hyderabad,2024-11-20
291,Chatura Lalla,benoliver@example.com,7478366742,Mumbai,2025-01-20
292,Lavanya Mutti,chatterjeeirya@example.com,5441496739,Mumbai,2025-11-18
293,Dhriti Anne,biradvik@example.com,8175344300,Chennai,2026-06-08
294,Jairaj Dar,dekeya@example.net,1244717465,Bangalore,2025-01-11
295,Lavanya Rama,darpan44@example.org,1739627128,Hyderabad,2025-10-22
296,Riya Lad,banerjeeelijah@example.org,7072006425,Bangalore,2025-07-15
297,Vanya Sarin,iboase@example.org,6719855460,Ahmedabad,2026-04-03
298,Faris Sharaf,samaksh28@example.org,3461571732,Kolkata,2025-12-21
299,Vrinda Ramachandran,zachariahdarika@example.com,0050506138,Mumbai,2026-01-06
300,Ekbal Bansal,vrindabahl@example.com,3202041792,Delhi,2024-09-06
301,Thomas Bhatnagar,poojanazareth@example.net,5198253092,Delhi,2025-01-08
302,Ojasvi Ganguly,nitesh73@example.net,2196207100,Bangalore,2026-04-29
303,Omaja Soni,samueldhar@example.net,8763290927,Mumbai,2025-03-07
304,Aayush Keer,jacobwagle@example.org,8837340312,Chennai,2024-10-12
305,Chatura Patla,shaurya64@example.com,0108220781,Bangalore,2025-09-13
306,Oni Issac,victor15@example.org,3636317970,Kolkata,2026-05-31
307,Pranav Ram,laban73@example.net,4352090421,Bangalore,2024-10-20
308,Thomas Merchant,onkarkarpe@example.org,8739774063,Mumbai,2025-09-03
309,Manthan Ahluwalia,cbasu@example.com,6867177318,Hyderabad,2024-09-21
310,Chakrika Khare,babuvarsha@example.net,2799077262,Chennai,2026-04-09
311,Lekha Natarajan,minhaspooja@example.com,1950850165,Mumbai,2025-03-20
312,Parth Bhavsar,lakshitnatt@example.org,7933554864,Chennai,2025-03-05
313,Vedika Thaker,singhalbrinda@example.com,1371162411,Pune,2025-12-03
314,Watika Dora,arinmemon@example.com,7567043103,Pune,2025-09-02
315,Eta Sunder,tshankar@example.net,4243754025,Delhi,2025-10-03
316,Bhavika Gopal,miteshedwin@example.org,0592745238,Chennai,2024-10-02
317,Saumya Zacharia,charvidara@example.org,7275208854,Kolkata,2025-11-09
318,Riya Nigam,srinivasbanjeet@example.org,4069375150,Bangalore,2025-07-23
319,Arunima Hayre,chackosanaya@example.net,8637599805,Pune,2025-03-24
320,Kashish Arora,hemani54@example.com,3767426629,Bangalore,2024-11-18
321,Vaishnavi Vohra,dominic96@example.org,6462879232,Bangalore,2025-06-26
322,Chasmum Modi,osheth@example.org,2447146273,Kolkata,2025-06-27
323,Janaki Srivastava,okuruvilla@example.net,1589042902,Mumbai,2025-03-14
324,Chatresh Mahajan,oni50@example.com,8183219285,Bangalore,2025-11-24
325,Gopal Warrior,maanas02@example.net,5765213283,Chennai,2025-11-27
326,Omisha Sharma,dadakaran@example.org,5452798524,Kolkata,2024-09-17
327,Utkarsh Mohanty,shauryade@example.org,1107603108,Pune,2024-09-10
328,Caleb Bhatti,advaith11@example.net,9325012495,Hyderabad,2026-02-06
329,Yashasvi Bir,atwalteerth@example.net,4280138759,Bangalore,2024-10-28
330,Ladli Samra,yoshitakari@example.com,5171827548,Delhi,2025-06-28
331,Lekha Mander,rmuni@example.com,8646317520,Kolkata,2025-05-16
332,Jagdish Dhar,srattan@example.net,2153539613,Mumbai,2026-01-25
333,Mugdha Parekh,fravel@example.net,2711477320,Ahmedabad,2025-07-01
334,Praneel Raja,michael49@example.net,1877347784,Pune,2025-08-08
335,Azad Sani,rajagopalshivani@example.com,7700284276,Pune,2025-06-23
336,Vritti Zacharia,jsoni@example.org,6479695450,Ahmedabad,2024-09-17
337,Ikshita Bala,lajita16@example.com,6503334911,Chennai,2024-10-19
338,Eshana Barad,ksami@example.net,4079056965,Hyderabad,2024-08-26
339,Gayathri Taneja,ojas94@example.com,3718344049,Pune,2026-01-08
340,Girish Nayar,ekalinga98@example.com,3514846853,Pune,2025-10-08
341,Pranit Bahl,xalakkala@example.net,4896908357,Mumbai,2026-01-10
342,Radhika Roy,devansh36@example.com,2493631230,Pune,2025-06-22
343,Pahal Bansal,nathanielmahajan@example.org,4482070015,Kolkata,2026-05-10
344,Januja Chana,pdey@example.org,8984713915,Chennai,2026-02-25
345,Pallavi Kamdar,hredhaangill@example.org,7649078515,Hyderabad,2025-11-22
346,Arunima Dhillon,vaishnavi54@example.org,0348645183,Delhi,2026-05-17
347,Aadhya Mitra,keerchameli@example.org,7560417765,Hyderabad,2025-12-04
348,Yashawini Bhatti,osha98@example.net,7002720634,Chennai,2024-09-04
349,Zaid Varty,nirjanagarajan@example.com,2429543165,Kolkata,2026-03-20
350,Ansh Bajaj,gauravshere@example.org,2069694215,Chennai,2024-06-20
351,Sudiksha Talwar,kapursamar@example.org,4762639343,Mumbai,2026-02-15
352,Ayush Mannan,warinder97@example.org,9710725636,Delhi,2024-08-05
353,Daniel Ben,wahab75@example.net,0489646528,Hyderabad,2024-12-29
354,Yahvi Tailor,upadhriti21@example.com,2415027456,Bangalore,2026-03-16
355,Zansi Munshi,ugala@example.net,2870320320,Hyderabad,2025-12-10
356,Rajata D’Alia,cbaria@example.com,7712151342,Mumbai,2025-08-21
357,Aayush Vora,omajabose@example.org,1504165915,Delhi,2025-06-02
358,Sudiksha Luthra,narayancaleb@example.net,5923045018,Kolkata,2025-04-15
359,Pranav Khatri,bchakraborty@example.org,6642147649,Chennai,2026-03-18
360,Yauvani Iyengar,ysehgal@example.com,9961659266,Chennai,2025-03-02
361,Udarsh Dubey,ovyas@example.net,4761742243,Kolkata,2025-08-25
362,Faraj Bath,uppalpavani@example.com,7945491801,Delhi,2026-03-26
363,Chakradev Chacko,umishra@example.net,7945232194,Kolkata,2024-06-23
364,Megha Dada,gargvansha@example.com,9749956412,Pune,2024-09-04
365,Raghav Bala,vasanadhillon@example.net,6831472760,Hyderabad,2026-01-04
366,Vedhika Sinha,senguptaxavier@example.org,9605016679,Mumbai,2024-07-08
367,Mugdha Sunder,tkata@example.org,6958146717,Kolkata,2025-12-03
368,Ansh Edwin,rehaan75@example.com,8395972466,Mumbai,2025-10-05
369,Barkha Chadha,ldayal@example.org,9716743380,Pune,2025-03-14
370,Owen Thakur,bhattgeetika@example.com,9318374550,Chennai,2026-04-03
371,Chandresh Sarma,gchoudhry@example.net,8081213524,Kolkata,2025-12-30
372,Mitesh Patla,lakshit13@example.com,0375482145,Delhi,2024-10-05
373,Vedant Devi,asachdev@example.com,0720811556,Chennai,2025-04-11
374,Matthew Bhardwaj,oni68@example.com,5048926738,Chennai,2025-12-03
375,Nidhi Hora,frado08@example.com,2884318848,Delhi,2024-07-01
376,Wyatt Modi,htiwari@example.net,5485101749,Hyderabad,2024-12-10
377,Inaya Mistry,logan68@example.net,1589357126,Hyderabad,2024-07-28
378,Kalpit Soni,sanayabrahmbhatt@example.com,9886497677,Kolkata,2025-07-07
379,Vedhika Shankar,yochanawadhwa@example.org,7702851961,Chennai,2025-01-20
380,Michael Dalal,dalaja54@example.com,0229604432,Kolkata,2025-08-09
381,Ekansh Basu,ksrivastava@example.com,5679228777,Hyderabad,2026-02-21
382,Lila Kaul,inori@example.org,4120948181,Bangalore,2025-09-01
383,Ranbir Soni,darapranit@example.org,3397189569,Pune,2025-03-01
384,Pranit Sachdeva,wableedhitha@example.com,1118242241,Kolkata,2025-11-19
385,Daniel Nanda,avibhardwaj@example.com,1526546103,Kolkata,2024-12-10
386,Yashoda Thaman,rcontractor@example.org,7861706304,Bangalore,2024-12-18
387,Daksha Ray,ochacko@example.net,2582386870,Hyderabad,2025-01-20
388,Aadi Bhasin,mmahajan@example.com,5398402891,Kolkata,2025-12-04
389,Logan Mammen,nkade@example.net,5474355379,Mumbai,2025-10-25
390,Vamakshi Agrawal,ghoseodika@example.net,6811807156,Hyderabad,2024-10-25
391,Jeet Shere,reyansh70@example.org,4531943375,Hyderabad,2026-05-13
392,Abhimanyu Hayre,rchoudhry@example.net,2839992192,Pune,2026-06-05
393,Anusha Handa,waliazayyan@example.net,0605664187,Kolkata,2026-01-20
394,Udarsh Batta,osha87@example.com,6351903613,Chennai,2025-02-06
395,Gunbir Bala,zsankaran@example.org,4317350583,Ahmedabad,2025-05-16
396,Sanya Dash,bhatbahadurjit@example.com,1207049611,Ahmedabad,2025-01-25
397,Neelima Char,mkaul@example.net,7676991507,Ahmedabad,2024-11-06
398,Harshil Arora,harijonathan@example.net,5679723200,Pune,2025-05-14
399,Deepa Dhingra,upasnamore@example.net,4508920388,Ahmedabad,2024-11-08
400,Saksham Biswas,ranbir77@example.net,9959465217,Bangalore,2026-05-25
401,Udant Karpe,pkala@example.com,6362050150,Delhi,2025-01-21
402,Robert Parsa,balanrushil@example.org,2342583230,Hyderabad,2024-06-26
403,Ladli Choudhry,shivansh47@example.org,5289611223,Chennai,2025-12-01
404,Eesha Sanghvi,chakradhargulati@example.net,2530428973,Delhi,2024-07-30
405,Yashoda Rama,wishi87@example.org,5877749690,Pune,2025-05-27
406,Meghana Kamdar,pavani69@example.org,4812147853,Hyderabad,2025-07-12
407,Pooja Seshadri,asankaran@example.com,5460273415,Pune,2025-07-13
408,Aradhana Kari,daniekbal@example.com,8353544439,Pune,2024-06-16
409,Baghyawati Pal,lravi@example.net,7826333738,Bangalore,2025-12-23
410,Harini Chada,raghav66@example.org,7805292407,Mumbai,2025-05-01
411,Netra Yogi,eshana90@example.net,2259999663,Mumbai,2025-04-06
412,Vaishnavi Chopra,siya41@example.org,8209702316,Pune,2025-01-22
413,Suhani Bhandari,zarna02@example.com,6212867163,Ahmedabad,2025-05-11
414,Nathan Mukherjee,yadavishanker@example.com,0271693859,Delhi,2025-08-31
415,Gavin Mani,spalan@example.net,6926329676,Ahmedabad,2025-04-11
416,Wriddhish Dugar,bishakha13@example.com,8151185672,Kolkata,2024-07-14
417,Avi Bora,vraj@example.net,3600412577,Pune,2025-08-09
418,Raksha Dey,kmallick@example.org,9124186210,Kolkata,2025-03-15
419,Tarak Banerjee,riyabatta@example.net,6470900633,Ahmedabad,2024-08-19
420,Oviya Bala,nazarethrehaan@example.net,3122068155,Kolkata,2024-11-17
421,Priya Dara,tanaycherian@example.com,2065063731,Pune,2024-07-14
422,Tejas Roy,xalak18@example.net,4195625257,Bangalore,2025-09-25
423,Lavanya Vaidya,yahviarya@example.org,9143639102,Mumbai,2024-11-13
424,Keya Jayaraman,khannasachi@example.net,2450864035,Delhi,2025-08-02
425,Yuvraj Kapadia,uverma@example.org,0171302321,Kolkata,2026-03-17
426,Warinder Tripathi,sandhuunni@example.com,3362934497,Pune,2024-08-11
427,Mitali Purohit,urishillasastry@example.com,2706614982,Bangalore,2025-04-01
428,Damini Setty,keya89@example.com,5273230085,Ahmedabad,2026-06-10
429,Kashvi Rajagopalan,pmorar@example.net,6016923645,Mumbai,2025-12-02
430,Lekha Samra,xaviersridhar@example.org,0249724399,Pune,2026-01-29
431,Leena Rao,vasaranbir@example.com,6448869461,Delhi,2026-03-04
432,Amruta Kadakia,amorar@example.org,0116864622,Ahmedabad,2024-11-10
433,Qabil Thakkar,seshadrisimon@example.org,0234679121,Bangalore,2024-09-14
434,Devansh Oommen,keervanya@example.com,0040901380,Ahmedabad,2026-01-22
435,Vedika Solanki,pushti55@example.net,5356690551,Chennai,2025-12-25
436,Atharv Das,yuvraj57@example.net,8630505057,Ahmedabad,2025-04-16
437,Ijaya Sangha,uchaudhry@example.com,9328980271,Kolkata,2024-10-18
438,Jack Subramaniam,yagneshkakar@example.org,1602564347,Ahmedabad,2025-10-15
439,Gautam Natarajan,dhruvoza@example.com,8633414111,Bangalore,2026-01-09
440,Jhalak Datta,lajita90@example.com,9836655289,Ahmedabad,2025-04-13
441,Triveni Mutti,chamankanda@example.com,2942095481,Ahmedabad,2025-10-13
442,Warda Manne,zbhargava@example.com,3302764208,Hyderabad,2025-11-18
443,Ijaya Raman,hbora@example.net,4386125904,Pune,2024-09-24
444,Vasudha Manne,shauryakamdar@example.net,0591266201,Hyderabad,2024-07-20
445,Yutika Nigam,odixit@example.net,3013674926,Ahmedabad,2025-01-09
446,Jhalak Apte,dadafitan@example.org,8309997419,Pune,2025-10-23
447,Chanchal Dass,nandadevansh@example.net,6068887189,Hyderabad,2025-11-03
448,Pratyush Gole,sekhondipta@example.org,2932184011,Ahmedabad,2025-08-06
449,Pallavi Acharya,charitabatra@example.net,8729758598,Delhi,2025-11-06
450,Warjas Bansal,luckymistry@example.org,9839542961,Hyderabad,2025-04-02
451,Mugdha Shan,kumarpavani@example.net,8314359892,Pune,2026-02-11
452,Ladli Bal,farasmadan@example.org,8615155423,Hyderabad,2025-03-29
453,Kritika Cheema,gilldamini@example.net,1859484910,Chennai,2024-10-28
454,Neha Sood,aashiandra@example.net,2269405396,Chennai,2025-03-11
455,Yadavi Mangat,priya83@example.com,4651113129,Delhi,2025-08-14
456,Advaith Samra,varshatank@example.net,6093068538,Bangalore,2025-05-24
457,Umang Gill,perikiaan@example.net,0676251538,Bangalore,2025-06-20
458,Alka Kala,rameshteerth@example.com,7970509754,Pune,2025-03-08
459,Neelima Pant,chaudhuriraagini@example.com,1882617024,Kolkata,2025-03-27
460,Janya Sangha,amrutachopra@example.com,2256053134,Bangalore,2025-05-03
461,Azad Dyal,varenyalata@example.org,7872568621,Pune,2024-10-08
462,Xiti Arya,charlesoommen@example.com,6744716392,Delhi,2025-01-14
463,Adya Kota,eissac@example.net,8923923126,Kolkata,2026-06-01
464,Pooja Badami,gavinbehl@example.com,8433567086,Kolkata,2025-01-05
465,Avni Panchal,ukoshy@example.org,0005347491,Chennai,2025-06-26
466,Gaurika Modi,chatterjeeagastya@example.net,5559895343,Ahmedabad,2026-04-30
467,Kalpit Dara,halderreyansh@example.net,1189547382,Kolkata,2025-04-30
468,Idika Pau,bdalal@example.org,6880294240,Mumbai,2026-01-06
469,Warda Walia,gandhiraksha@example.net,8669432029,Pune,2026-04-23
470,Yahvi Vohra,chavvi34@example.net,8123083402,Kolkata,2026-04-19
471,Yuvraj Kade,agarwalidika@example.net,5184269450,Kolkata,2025-12-29
472,Patrick Kunda,yogihitesh@example.net,4983735439,Mumbai,2024-12-06
473,Jyoti Divan,fchander@example.org,2239724042,Kolkata,2024-11-02
474,Luke Bora,dkorpal@example.net,1820916601,Ahmedabad,2024-12-19
475,Amrita Dhar,andrahitesh@example.net,1327972457,Mumbai,2025-08-06
476,Jatin Bail,chauhanchaman@example.org,2030366254,Chennai,2025-06-27
477,Imaran Kapur,mandaishanvi@example.org,1510922685,Hyderabad,2024-10-04
478,Bhavini Pall,madanxalak@example.net,4102252677,Kolkata,2025-05-08
479,Maanav Chana,joshua26@example.com,7676952366,Kolkata,2025-07-29
480,Victor Rajagopalan,samatheodore@example.net,3503058721,Pune,2026-03-31
481,Chaitaly Sharma,oviyakibe@example.org,0212606501,Ahmedabad,2026-03-22
482,Ayushman Din,lohit13@example.org,9622728476,Pune,2025-01-18
483,Nachiket Bhasin,ghoseyahvi@example.org,6678498436,Hyderabad,2025-07-20
484,Jeremiah Kakar,obhalla@example.com,8917756620,Kolkata,2025-01-05
485,Hemang Brahmbhatt,gautami03@example.com,8113904383,Ahmedabad,2024-08-15
486,Veda Bath,murtygirik@example.com,5468356521,Mumbai,2024-08-27
487,Arjun Raja,sbarad@example.org,7113322889,Kolkata,2026-02-10
488,Harinakshi Mannan,raagini06@example.org,9912971024,Chennai,2024-08-22
489,Dipta Gara,neel14@example.net,5112747472,Kolkata,2024-07-10
490,Bhavini Rattan,cdayal@example.com,5168740903,Bangalore,2026-04-03
491,Bina Prashad,mohinibora@example.org,7157787112,Ahmedabad,2024-11-11
492,Falguni Bhattacharyya,hema97@example.org,1470827235,Bangalore,2026-02-01
493,David Pathak,nsolanki@example.org,0644212146,Mumbai,2026-04-17
494,Tanish Lad,chaturachanda@example.com,4235677826,Kolkata,2026-03-11
495,Rushil Brahmbhatt,ekiyanadig@example.org,7275164807,Mumbai,2024-08-24
496,Tejas Guha,mganesan@example.com,5339055044,Delhi,2025-10-27
497,Odika Roy,indira86@example.net,1276528928,Kolkata,2026-03-28
498,Bhanumati Chaudhary,chawlagaurav@example.net,9617981789,Bangalore,2024-11-21
499,Suhani Raj,hayreupasna@example.org,7660538444,Ahmedabad,2024-06-13
500,Bachittar Aurora,dubekavya@example.net,5296386396,Bangalore,2024-09-18
501,Oscar Rau,zansi26@example.org,2819648253,Mumbai,2025-05-15
502,Michael Bala,rajaaryan@example.net,7523343836,Hyderabad,2024-08-13
503,Arin Chauhan,sharafjason@example.org,4421175361,Kolkata,2024-08-06
504,Faraj Kade,uprashad@example.net,2240299015,Chennai,2025-09-19
505,Nathan Vig,jairaj39@example.org,8823513052,Pune,2025-01-03
506,Vasatika Iyengar,pallchaitaly@example.com,6863423461,Ahmedabad,2024-10-16
507,Vinaya Sant,msampath@example.net,5919663955,Chennai,2026-05-01
508,Yasti Kulkarni,mmemon@example.net,6012562531,Chennai,2024-09-30
509,Jason Andra,advay53@example.com,3816493831,Kolkata,2026-04-27
510,Oviya Saran,ekaja33@example.org,7046117295,Hyderabad,2025-08-31
511,Bhavani Badami,shenoybhavani@example.org,0880501716,Kolkata,2026-01-16
512,Mugdha Buch,wakeeta90@example.com,7715910300,Hyderabad,2026-04-10
513,Upkaar Garde,halderjyoti@example.net,0401041459,Delhi,2026-05-29
514,Triveni Dar,eiravatidivan@example.net,7188397745,Ahmedabad,2024-12-31
515,Fitan Pandit,sameshbrahmbhatt@example.org,0303763715,Mumbai,2025-07-14
516,Devika Setty,yaminicherian@example.org,5679836314,Mumbai,2026-04-16
517,Manan Shenoy,choudharywridesh@example.org,2407875418,Chennai,2024-11-21
518,Mekhala Thakkar,vtrivedi@example.org,4510663436,Pune,2025-07-26
519,Zilmil Sant,bediyuvraj@example.org,1009431814,Delhi,2025-04-10
520,Harrison Kannan,warhi32@example.org,4940128974,Mumbai,2025-11-21
521,Ojas Grover,tamanna20@example.net,6502412095,Mumbai,2025-06-24
522,Urmi Choudhary,badalbina@example.org,2114577584,Pune,2025-06-01
523,Ira Mitra,zarna97@example.org,8026325703,Pune,2024-11-17
524,Rishi Purohit,mahalshivani@example.net,4556964430,Mumbai,2026-03-19
525,Rachita Sha,bhavya10@example.com,7284982474,Bangalore,2025-05-28
526,Teerth Mandal,beravrinda@example.com,6500425488,Pune,2024-09-28
527,Rachana Buch,theodore07@example.com,6661449429,Bangalore,2024-09-26
528,Zashil Deshmukh,tiyengar@example.com,4978266128,Ahmedabad,2026-06-06
529,Upadhriti Pandya,ashukla@example.com,0806129439,Delhi,2025-10-05
530,Chatresh Ramaswamy,nehaahuja@example.com,0104159149,Pune,2024-09-12
531,Samarth Varty,warhideshpande@example.org,4407931102,Ahmedabad,2024-08-24
532,Samarth Chawla,gbakshi@example.com,0146723849,Hyderabad,2025-05-11
533,Anthony Goyal,wrideshgarde@example.net,7744197546,Chennai,2025-04-29
534,Manbir Bala,tanvi19@example.com,9409705277,Bangalore,2025-03-14
535,Ikshita Vohra,evarghese@example.org,5957244617,Delhi,2025-11-03
536,Yashica Vora,kai59@example.net,9961002311,Bangalore,2026-01-21
537,Warjas Cheema,leenasalvi@example.org,9410175902,Hyderabad,2025-03-30
538,Ryan Hayre,vritti74@example.org,2683190130,Delhi,2026-02-01
539,Ekbal Oak,watikagupta@example.org,8559821766,Mumbai,2024-09-16
540,Harrison Dalal,dkashyap@example.net,0344651241,Hyderabad,2026-04-03
541,Mohini Bhandari,sinhaadya@example.net,0564350238,Kolkata,2025-06-28
542,Balendra Pal,sahafaris@example.net,2401078356,Kolkata,2024-06-26
543,Atharv Hayre,jbadami@example.com,6626682171,Pune,2024-11-07
544,Rajeshri Bhardwaj,vincentchanda@example.net,3689003010,Delhi,2025-01-15
545,Dipta Palla,brindadayal@example.net,7111483753,Pune,2026-02-06
546,Yash Vyas,eiravati88@example.org,5697413283,Delhi,2024-09-13
547,Lucky Banik,riasetty@example.org,7044964104,Hyderabad,2024-06-24
548,Leena Sawhney,kapursamesh@example.com,6804085095,Delhi,2026-01-19
549,Harita Saraf,zbhandari@example.org,4876998426,Mumbai,2026-05-16
550,Avni Mahal,krishchakrika@example.com,0945449014,Chennai,2026-03-30
551,Sachi Shere,sarrafaditya@example.com,5783609149,Kolkata,2025-05-18
552,Aarna Majumdar,warda23@example.net,2903102879,Chennai,2025-12-19
553,Darsh Lad,amol58@example.net,9351187181,Delhi,2025-08-27
554,Ojasvi Bora,jmandal@example.org,9556574902,Chennai,2026-06-02
555,Atharv Cherian,dhritivaidya@example.net,3690261139,Mumbai,2026-01-01
556,Jairaj Wable,sodhizinal@example.com,4394353537,Kolkata,2025-05-21
557,Janaki Buch,yashasvi15@example.net,9376392836,Ahmedabad,2024-12-29
558,Harita Murthy,bumbnilima@example.com,9732702164,Delhi,2024-09-16
559,Raagini Bajwa,elijahdeo@example.net,6526834155,Kolkata,2024-09-01
560,Ethan Pant,orege@example.com,4722981209,Chennai,2025-03-31
561,Reva Goda,gunbir34@example.com,0988986456,Ahmedabad,2024-07-12
562,Qushi Venkataraman,dipta15@example.com,1447732449,Bangalore,2024-09-27
563,Samuel Trivedi,ayaanbaral@example.net,0705349678,Kolkata,2026-05-24
564,Jagdish Saxena,qtak@example.org,4151315285,Bangalore,2025-11-14
565,Divya Barad,tchaudhry@example.net,3800329633,Hyderabad,2025-06-21
566,Watika Mandal,rushilchakrabarti@example.net,0617893206,Ahmedabad,2025-10-13
567,Ikshita Sule,charitakata@example.com,7695874131,Ahmedabad,2025-02-17
568,Pavani D’Alia,ucchalnagar@example.net,5627796304,Kolkata,2026-05-02
569,Darsh Naidu,eesha66@example.com,6404735047,Hyderabad,2026-04-21
570,Samuel Choudhary,kai98@example.org,6155810835,Chennai,2026-03-23
571,Veer Mannan,kashvinarula@example.com,8300081867,Pune,2025-01-30
572,Victor Kota,magarjatin@example.com,2411186008,Delhi,2026-01-02
573,Rishi Muni,pavani80@example.com,7314976461,Hyderabad,2025-01-12
574,Bhavani Walla,lavanyabadal@example.com,5817390637,Ahmedabad,2024-09-02
575,Gaurangi Dhawan,chandranomkaar@example.org,9312697893,Pune,2025-04-25
576,Geetika Dora,nagyniharika@example.org,3878753577,Ahmedabad,2026-05-26
577,Pavani Brahmbhatt,wdatta@example.org,8123710672,Kolkata,2026-01-12
578,Mohini Andra,jacob64@example.net,8595922483,Chennai,2025-09-22
579,Urmi Shere,gangadeshmukh@example.org,0562271043,Mumbai,2025-06-01
580,Girindra Bhat,edugar@example.com,5034469459,Ahmedabad,2025-08-04
581,Faras Dua,kalitaati@example.org,9128965999,Chennai,2024-11-19
582,Aarnav Kata,gavindin@example.org,7051028767,Bangalore,2026-01-21
583,Wridesh Ramaswamy,trajan@example.com,4858193242,Ahmedabad,2025-06-25
584,Jai Saran,pranav05@example.com,6398365203,Pune,2024-11-08
585,Dayita Narasimhan,pillayzehaan@example.net,9404760440,Chennai,2025-09-24
586,Vritti Ghose,cchawla@example.com,9222161070,Hyderabad,2025-01-11
587,Anay Natarajan,omkaar95@example.net,6601382412,Chennai,2025-09-25
588,Yashasvi Rout,aarushmukhopadhyay@example.com,1579197111,Hyderabad,2025-02-11
589,Omkaar Anne,kavyasharma@example.org,4324064242,Hyderabad,2024-12-02
590,Anjali Iyengar,chakrikalad@example.net,4175955872,Mumbai,2024-10-08
591,Radha Palan,sarthak58@example.net,1834374018,Pune,2025-06-07
592,Kashish Purohit,naiduhenry@example.net,0267551254,Delhi,2024-11-01
593,Reva Shan,erastogi@example.org,5957640381,Pune,2025-09-01
594,Ayush Gade,charitaviswanathan@example.org,2501425762,Kolkata,2024-11-12
595,Charvi Mohanty,goyalwarinder@example.org,1328507251,Ahmedabad,2025-12-04
596,Urmi Puri,wkibe@example.org,2526546968,Pune,2025-11-12
597,Tristan Gokhale,jyotipathak@example.com,9961327303,Ahmedabad,2025-02-28
598,Pranit Sandal,bhavanimukhopadhyay@example.com,0462268171,Ahmedabad,2026-02-24
599,Naveen Nagar,yashicarajagopalan@example.net,0766046419,Ahmedabad,2026-02-06
600,Gautami Warrior,isaac26@example.net,1205943897,Mumbai,2025-01-14
601,Jairaj Suri,dperi@example.net,4654084245,Delhi,2025-02-17
602,Balendra Choudhury,balhaar86@example.org,1812276457,Hyderabad,2025-08-26
603,Banjeet Bose,kashish02@example.net,6815466024,Pune,2026-02-16
604,Advika Mitter,chandranprasad@example.net,3642480962,Kolkata,2025-04-22
605,Anirudh Sachdeva,anviloke@example.com,1330531949,Pune,2025-10-16
606,Lopa Soni,ozaharini@example.com,7277382646,Hyderabad,2025-10-13
607,Hemani Chacko,kalamodi@example.com,7702992959,Chennai,2026-01-14
608,Vritti Keer,iyogi@example.com,1633194226,Ahmedabad,2026-01-14
609,Omya Mallick,janani15@example.net,3677472264,Chennai,2026-01-23
610,Orinder Chaudhari,asahota@example.com,0932998199,Kolkata,2025-09-26
611,Ojas Sodhi,prabhakararin@example.net,8832753273,Chennai,2024-07-30
612,Samuel Shenoy,rkonda@example.net,3278195237,Chennai,2025-11-21
613,Zinal Singhal,ybobal@example.com,8198077046,Ahmedabad,2025-12-18
614,Priya Dash,dhingraadweta@example.net,2565237341,Hyderabad,2026-05-09
615,Yash Lad,chakrika75@example.com,9490228403,Hyderabad,2025-12-16
616,Damyanti Dutt,vaishnavi74@example.org,2946430394,Hyderabad,2024-12-28
617,Yashoda Varughese,nsood@example.org,2985856728,Pune,2026-05-07
618,Akshay Bhattacharyya,umang43@example.org,4913577908,Delhi,2025-11-07
619,Mohini Chaudhary,yashica14@example.net,0798334233,Pune,2025-09-26
620,Arunima Chand,devanshdeo@example.net,0333997718,Chennai,2024-11-09
621,Jackson Sathe,sonirudra@example.org,9749096173,Delhi,2024-06-10
622,Niharika Madan,vgoda@example.net,8444835488,Bangalore,2026-01-18
623,Vinaya Ahuja,yashodhara77@example.org,1641758231,Pune,2025-07-04
624,Ekaja Wali,rchauhan@example.com,9252362292,Pune,2025-10-30
625,Amruta Karnik,urmi45@example.org,5557469660,Ahmedabad,2025-03-11
626,Tanmayi Mahal,jainsathvik@example.net,4505665883,Hyderabad,2025-05-17
627,Hredhaan Borde,naveennanda@example.net,9706734996,Hyderabad,2025-10-19
628,Anya Yogi,raksha41@example.com,1562294938,Delhi,2025-02-19
629,Bishakha Bains,ekanshmurthy@example.com,3257375534,Pune,2024-09-26
630,Nirja Sane,zsur@example.org,8509608587,Hyderabad,2025-10-15
631,Faqid Chanda,walinathan@example.net,9793164772,Pune,2025-10-26
632,Sudiksha Wable,zbail@example.net,0960035624,Chennai,2025-07-28
633,Sai Pant,ranbirdivan@example.org,2108902851,Bangalore,2025-11-03
634,Saksham Mitter,paninimadan@example.org,5027160736,Hyderabad,2025-04-16
635,Samesh Rai,chanderparth@example.net,2317955633,Mumbai,2025-06-16
636,Yashoda Choudhury,ababu@example.com,6155416431,Bangalore,2025-01-09
637,Chakradev Dhaliwal,peterandra@example.org,2700934596,Hyderabad,2024-10-23
638,Pratyush Patla,gabaayushman@example.com,4654950050,Mumbai,2026-05-20
639,Chakradhar Zacharia,kvohra@example.org,0531611776,Mumbai,2026-04-06
640,Deepa Soni,ikurian@example.com,9177932382,Hyderabad,2026-01-08
641,Netra Mandal,krishupkaar@example.com,4579889425,Bangalore,2025-09-03
642,Lekha Bava,qabilatwal@example.org,3265097753,Ahmedabad,2024-11-23
643,Adya Sarraf,mammenyoshita@example.com,2457871584,Delhi,2025-10-21
644,Jonathan Chandra,tanvichoudhry@example.org,2547681826,Mumbai,2026-03-24
645,Anay Issac,max98@example.net,8583825212,Hyderabad,2025-08-04
646,Samaksh Mallick,rattanchaman@example.com,7752401484,Ahmedabad,2024-07-31
647,Nirja Dey,vasanadyal@example.org,2669335134,Ahmedabad,2025-12-25
648,Samesh Sawhney,anyanarang@example.org,8481973741,Ahmedabad,2024-10-07
649,Harita Magar,rajaadhya@example.org,6927438119,Chennai,2026-04-16
650,Rachana Sama,cheemaati@example.net,4856451017,Bangalore,2024-11-28
651,Amaira Chawla,mprashad@example.net,0919191135,Mumbai,2026-03-05
652,Balveer Palan,ksharma@example.net,6603920514,Hyderabad,2026-03-31
653,Jagrati Padmanabhan,yuvraj47@example.org,7423885652,Ahmedabad,2025-03-10
654,Edhitha Mohan,chananidra@example.com,2634755752,Delhi,2024-09-04
655,Dayita Toor,pranav69@example.net,3119642585,Delhi,2024-08-29
656,Fitan Naik,saanvibaria@example.org,4073333732,Kolkata,2024-06-26
657,Reva Sachdeva,nitaragrewal@example.net,9645465535,Ahmedabad,2025-11-30
658,Ekanta Koshy,gopaltripathi@example.net,8519358374,Delhi,2025-10-03
659,Widisha Sarin,garganthony@example.net,8057215149,Mumbai,2025-06-26
660,Kiaan Randhawa,siyamukherjee@example.net,5398628950,Bangalore,2025-09-09
661,Ekavir Bhatt,uedwin@example.org,9220715116,Bangalore,2025-04-02
662,Lakshit Oza,gopalmukhopadhyay@example.com,6471246335,Hyderabad,2026-01-14
663,Aarini Bahri,bhargavakashvi@example.org,0800564099,Delhi,2024-11-03
664,Qabil Wason,hemanichatterjee@example.net,9592728270,Pune,2026-04-30
665,Devika Manne,pallapranit@example.net,1739295786,Delhi,2024-07-30
666,Yatin Pau,wriddhishswaminathan@example.org,0507918158,Kolkata,2025-07-20
667,Sai Mandal,krishna73@example.com,6661707158,Pune,2025-02-02
668,Bhavna Bhakta,guhagaurav@example.com,5080046358,Kolkata,2025-07-21
669,Yashoda Prabhakar,kalahardik@example.com,3513739900,Ahmedabad,2026-05-28
670,Aayush Khosla,peter63@example.com,0229394694,Ahmedabad,2025-11-28
671,Ojasvi Sachdev,mmall@example.com,9060723111,Hyderabad,2024-10-30
672,Oliver Kunda,imane@example.com,9411631873,Kolkata,2025-06-09
673,Ikbal Choudhury,baljiwanrama@example.org,1369572790,Hyderabad,2025-12-25
674,Caleb Atwal,haritakrishna@example.org,7306624813,Mumbai,2025-11-03
675,Aryan Sastry,korpalbhavna@example.net,2850116880,Delhi,2025-03-24
676,Luke Chawla,abeerraj@example.org,6913098107,Pune,2025-11-24
677,Shivani Khanna,wkrishna@example.net,7278532426,Pune,2026-01-05
678,Rachana Mital,brijeshsharaf@example.com,6253666777,Hyderabad,2025-02-27
679,Mohini Deol,yatankalla@example.net,9395786543,Delhi,2024-09-02
680,Charita Sachar,iyengarteerth@example.com,6862703692,Bangalore,2025-10-21
681,Rudra Dora,dnadig@example.org,7599801110,Pune,2026-04-03
682,Dhriti Parikh,matthewkala@example.com,5959775244,Bangalore,2026-05-10
683,Nihal Sagar,walianimrat@example.org,4312710267,Delhi,2026-01-26
684,Janani Sastry,sarabahri@example.com,5151229462,Bangalore,2025-01-23
685,Isha Talwar,sahniomkaar@example.com,3848075203,Mumbai,2025-05-12
686,Banjeet Mahajan,vbuch@example.net,2909046376,Kolkata,2025-12-03
687,Gautami Peri,tray@example.com,5483744171,Ahmedabad,2024-06-27
688,Hredhaan Kibe,goelkashvi@example.org,9311005912,Ahmedabad,2026-02-10
689,Jairaj Bhalla,ryanbumb@example.org,1063301658,Hyderabad,2025-12-12
690,Quincy Singh,darsh72@example.net,1234289311,Mumbai,2026-01-18
691,Nicholas Rana,nitara84@example.org,4538044210,Pune,2026-05-12
692,Qushi Buch,varora@example.net,5959194575,Hyderabad,2025-01-29
693,Dhriti Gupta,onkarbasak@example.net,6775677722,Hyderabad,2026-04-19
694,Edhitha Raj,mugdhapau@example.org,2292310672,Ahmedabad,2024-06-26
695,Manya Dutt,arunima33@example.com,6627051157,Delhi,2024-12-09
696,Tarak Saha,tarya@example.net,5496919284,Pune,2025-03-24
697,Dev Badami,apingle@example.org,5357485953,Hyderabad,2026-05-18
698,Warjas Krish,bsinghal@example.com,6295187794,Pune,2026-02-03
699,Anya Dhar,daniel73@example.org,5597824575,Kolkata,2026-03-12
700,Jai Merchant,hayeryamini@example.com,6604432400,Delhi,2025-06-06
701,Sanya Raja,sachimurthy@example.org,7439742925,Pune,2026-04-14
702,Vansha Pillay,divyaprashad@example.net,6562590459,Bangalore,2024-07-23
703,Watika Bhatt,deymax@example.org,3155516517,Hyderabad,2025-07-22
704,Meghana Dubey,johalsaumya@example.org,4330800370,Bangalore,2024-10-06
705,Xiti Nagarajan,lila60@example.net,7068103903,Delhi,2024-06-15
706,Faris Pillai,mekhalakala@example.org,9448586239,Mumbai,2025-02-19
707,Maya Dar,siya07@example.net,3210613394,Bangalore,2025-03-17
708,Chatura Karpe,teerth80@example.com,3253765769,Hyderabad,2025-08-19
709,Yuvraj Brahmbhatt,acharyaazaan@example.net,0404769210,Hyderabad,2025-05-04
710,Faqid Mammen,tbains@example.org,4247310720,Ahmedabad,2025-05-29
711,Anamika Bajaj,ubhatnagar@example.net,3166007676,Delhi,2026-05-08
712,Dev Mand,varenya34@example.org,3370096873,Ahmedabad,2024-08-17
713,Tanmayi Sodhi,kashviprabhu@example.net,5562965754,Hyderabad,2025-04-22
714,Rachana Chadha,laksh55@example.net,7820582958,Kolkata,2026-03-06
715,Meghana Bumb,gchoudhury@example.net,8190482357,Hyderabad,2025-08-09
716,Maya Kanda,nikita13@example.net,2308172143,Ahmedabad,2025-08-04
717,Rayaan Bajwa,balasubramanianchakrika@example.org,2114716560,Ahmedabad,2025-04-07
718,Sathvik Modi,osridhar@example.net,7075504768,Delhi,2025-10-04
719,Vritti Bala,fbarad@example.org,4811317653,Mumbai,2025-02-15
720,Siya Kalita,achandran@example.net,9087182749,Kolkata,2024-12-23
721,Zansi Swaminathan,siyamemon@example.org,4956121377,Chennai,2026-02-02
722,Krisha Bassi,qadim35@example.net,3711222990,Hyderabad,2026-02-16
723,Ansh Vohra,hitesh67@example.org,6861114576,Mumbai,2024-09-11
724,Neel Chadha,ronithsehgal@example.net,8471296180,Delhi,2025-01-29
725,Mahika Apte,darpan80@example.org,9804253733,Pune,2024-11-23
726,Orinder Rama,dhingrajoshua@example.net,1781923653,Mumbai,2026-01-15
727,Brijesh Nagi,mbala@example.net,6793279862,Hyderabad,2025-01-19
728,Falan Sant,sahnidominic@example.net,2054647548,Mumbai,2026-04-05
729,Yasti Sura,edevan@example.com,7588914444,Bangalore,2025-02-08
730,Wriddhish Halder,damini35@example.net,4496392435,Ahmedabad,2024-11-15
731,Zinal Ghose,manneyatin@example.org,2753674978,Ahmedabad,2025-09-23
732,Zayyan Dash,aramaswamy@example.org,4778948963,Hyderabad,2025-10-10
733,Hritik Soni,uram@example.org,2150014188,Bangalore,2026-05-30
734,Samarth Baral,anneisaac@example.com,4633399948,Kolkata,2024-06-27
735,Thomas Garg,ijani@example.net,2199471136,Ahmedabad,2025-09-26
736,Oscar Kannan,hredhaan03@example.net,6996733116,Delhi,2026-01-05
737,Lajita Bajaj,samesh76@example.net,5078967935,Ahmedabad,2026-03-22
738,Om Raval,tejasmurthy@example.com,4343697093,Chennai,2025-04-08
739,Jagvi Raj,swaminathanrajata@example.net,6164534547,Kolkata,2026-04-04
740,Balhaar Raj,chanakya31@example.net,1980418472,Chennai,2025-01-12
741,Veer Rout,ojas81@example.org,9092487623,Chennai,2025-12-15
742,Ekalinga Chaudhuri,praneel81@example.com,2282305248,Delhi,2026-05-06
743,Meera Deshmukh,chanakyasingh@example.org,3959473721,Bangalore,2026-01-17
744,Ekalinga Purohit,aadimani@example.com,6886878599,Chennai,2026-06-07
745,Ojas Thakur,zdate@example.org,1954196664,Kolkata,2025-06-23
746,Amol Kale,cdin@example.net,4632037476,Ahmedabad,2026-04-26
747,Ubika De,pbehl@example.org,4505766194,Hyderabad,2025-06-15
748,Varenya Bir,garima34@example.net,0128400838,Kolkata,2025-04-19
749,Triveni Palan,bhavani50@example.net,7768089812,Mumbai,2025-12-30
750,Maanas Dhar,girikrajagopalan@example.com,3004023693,Ahmedabad,2025-08-08
751,Shivansh Acharya,gadebaljiwan@example.com,1372711759,Delhi,2025-09-01
752,Eta Vyas,zinalmallick@example.net,3067458476,Chennai,2026-02-22
753,Hredhaan Divan,theodorekothari@example.com,1885666954,Hyderabad,2025-10-06
754,Dominic Murthy,sarinnidra@example.com,6705514377,Chennai,2025-04-20
755,Wahab Mangat,niteshnayar@example.org,9611110286,Delhi,2024-07-19
756,Urishilla Goel,deolbishakha@example.com,9102451091,Kolkata,2026-03-10
757,Onkar Raman,rchokshi@example.net,9819421794,Mumbai,2025-06-30
758,Bhanumati Balay,qnigam@example.org,7584466345,Ahmedabad,2024-10-03
759,Balhaar Buch,dalalmanbir@example.org,2214559376,Kolkata,2025-12-28
760,Shaurya Solanki,patlanaksh@example.com,5100462776,Mumbai,2026-03-05
761,Pahal Murty,abhimanyugala@example.com,1752023897,Pune,2025-04-30
762,Aditya Patel,kashish50@example.org,8332584868,Chennai,2024-11-09
763,Balveer Sha,tanmayi04@example.com,6917679935,Ahmedabad,2025-01-01
764,Balvan Karnik,megha40@example.net,0373606014,Ahmedabad,2024-06-22
765,Charan Taneja,bhavnadalia@example.org,8528306153,Mumbai,2024-09-18
766,Omkaar Master,ojasvi26@example.org,5144881121,Pune,2026-02-04
767,Praneel Comar,hnazareth@example.net,8179415152,Hyderabad,2024-12-21
768,Gabriel Bhatnagar,madhavoommen@example.org,7505661863,Bangalore,2025-10-18
769,Ekalinga Karan,yshankar@example.com,3007309505,Hyderabad,2025-02-09
770,Frederick Desai,vermajackson@example.net,7788519053,Ahmedabad,2025-01-23
771,Hredhaan Bhakta,laksh46@example.org,5618517446,Ahmedabad,2025-02-19
772,Girik Devan,patilishaan@example.org,5512939130,Delhi,2026-01-17
773,Chameli Mishra,ravalbanjeet@example.com,1540211901,Mumbai,2026-02-28
774,Nidra Chhabra,nathan98@example.org,5229107322,Pune,2024-06-14
775,Raghav Tailor,danielsani@example.org,3845269694,Bangalore,2026-04-05
776,Osha Kumer,hagarwal@example.com,4292913203,Hyderabad,2025-11-23
777,Kiaan Kamdar,isaiah90@example.net,1061537221,Mumbai,2025-03-31
778,Sachi Jaggi,samuelramachandran@example.com,3774604067,Kolkata,2026-01-12
779,Bimala Jani,schoudhry@example.org,4260781975,Delhi,2024-11-13
780,Vansha Ramakrishnan,naveen73@example.com,0376388214,Pune,2025-11-27
781,Anita Varty,netra01@example.net,3443899827,Delhi,2024-06-25
782,Oni Om,srivastavarishi@example.org,4644936999,Ahmedabad,2025-06-11
783,Yash Nair,nayarishanvi@example.com,8573680119,Delhi,2026-04-14
784,Samarth Sibal,vwarrior@example.org,8723335104,Bangalore,2024-09-11
785,Shivani Kadakia,oakwarjas@example.net,1498307482,Ahmedabad,2026-02-18
786,Ganga Chaudhry,thakurveer@example.net,0655782019,Hyderabad,2024-10-21
787,Vivaan Bath,rohankadakia@example.org,4707392013,Hyderabad,2024-10-07
788,Nathan Som,kamble@example.com,8261123126,Kolkata,2025-12-05
789,Amaira Venkatesh,sneha29@example.net,7629745493,Ahmedabad,2025-01-25
790,Udyati Chand,datechatura@example.org,8769208283,Ahmedabad,2025-07-09
791,Wyatt Yohannan,norigirik@example.com,5822067323,Pune,2025-10-08
792,Ekbal Sami,nagytriveni@example.org,5000000152,Ahmedabad,2025-11-26
793,Vasana Chaudhari,pyohannan@example.com,9025561844,Bangalore,2025-08-07
794,Vansha Mani,xvig@example.org,2489056708,Kolkata,2024-07-14
795,Aarnav Lal,krishnapai@example.net,1584826691,Pune,2026-02-19
796,Yasti Kari,kala05@example.com,9608070633,Bangalore,2025-08-17
797,Isha Badal,jeremiahbhattacharyya@example.org,0164818804,Delhi,2025-06-12
798,Yuvraj Varty,kritikaguha@example.net,6432126942,Hyderabad,2025-04-22
799,Nathan Bail,onide@example.com,3144170646,Kolkata,2026-01-19
800,Brijesh Grover,ukarnik@example.net,5824301764,Chennai,2025-07-13
801,Upkaar Chopra,wyatt88@example.net,4527905040,Hyderabad,2026-05-22
802,Sathvik Pant,aarinimurty@example.net,6321119787,Mumbai,2025-09-24
803,Wridesh Chand,waidakalita@example.org,5306011987,Hyderabad,2025-06-03
804,Abhiram Anne,sathvikbala@example.org,5618298036,Hyderabad,2024-12-31
805,Jagdish Sagar,kalamanya@example.com,2014911894,Ahmedabad,2024-12-02
806,Mekhala Wagle,boza@example.net,6322399821,Bangalore,2025-02-25
807,Omya Bose,kumerbalhaar@example.net,2886050537,Ahmedabad,2026-02-14
808,Zilmil Char,davepooja@example.org,3083566910,Ahmedabad,2024-08-05
809,Simon Chaudhry,tejaskumar@example.com,0688269177,Chennai,2025-10-05
810,Aishani Mannan,daliawyatt@example.com,8735437882,Chennai,2024-12-08
811,Jeet Bera,prabhakarsiya@example.net,9085991449,Kolkata,2024-12-25
812,Neha Salvi,jminhas@example.net,1842859693,Ahmedabad,2024-08-28
813,Ansh Tella,robert23@example.org,3426698069,Chennai,2024-10-08
814,Jacob Shankar,pbalasubramanian@example.com,3483893595,Pune,2025-11-02
815,Bhavani Aggarwal,nikita12@example.net,5082695826,Pune,2025-04-03
816,Hemangini Ray,kalitaalexander@example.net,6123859514,Kolkata,2025-08-04
817,Wridesh Mukhopadhyay,banjeet02@example.com,0086966101,Pune,2024-08-07
818,Reyansh Natt,bavadominic@example.com,9414915076,Kolkata,2026-04-18
819,Nisha Dhawan,pillaythomas@example.net,4077794620,Mumbai,2026-01-23
820,Kalpit Devan,anirudh81@example.net,7602991406,Chennai,2024-08-01
821,Rushil Jain,fkata@example.org,5235617817,Ahmedabad,2025-11-18
822,Farhan Gade,raghavanisaiah@example.org,3852778956,Kolkata,2025-05-23
823,Chaman Mohanty,chandran29@example.com,2648016440,Kolkata,2025-11-21
824,Harsh Rao,gwarrior@example.org,7822102179,Bangalore,2025-10-10
825,Advika Venkataraman,kgarg@example.net,7973638318,Ahmedabad,2025-04-23
826,Hamsini Karnik,fbajaj@example.net,6177067368,Mumbai,2026-01-24
827,Krisha Zachariah,fradogarg@example.org,5521650587,Bangalore,2025-08-26
828,Elijah Virk,elijahdewan@example.com,7908984369,Chennai,2026-02-08
829,Nathan Date,narayananbahadurjit@example.net,8694842495,Delhi,2025-10-11
830,Frado Mander,siya88@example.com,7152386767,Ahmedabad,2024-06-30
831,Anvi Rai,bhatttriya@example.com,6829968722,Delhi,2024-11-09
832,Balvan Wali,aadi62@example.net,5040566957,Ahmedabad,2025-11-14
833,Oliver Mammen,hemaprasad@example.com,2867963259,Mumbai,2025-10-15
834,Amruta Raman,robertchauhan@example.com,2415285725,Bangalore,2024-10-21
835,Timothy Kapadia,kala13@example.net,8655078468,Kolkata,2025-02-13
836,Bhavna Lal,abhimanyuhari@example.com,8911797203,Bangalore,2024-12-10
837,Baljiwan Chadha,shivansh64@example.org,4715531325,Delhi,2025-06-14
838,Wazir Sandhu,cnadig@example.org,2141052769,Ahmedabad,2025-07-21
839,Darpan Deep,rahuja@example.com,3888562258,Hyderabad,2025-02-17
840,Shivani Yohannan,tmammen@example.org,7585485965,Chennai,2024-10-26
841,Daksha Dani,sanghagaurangi@example.org,0002453931,Kolkata,2026-02-20
842,Edhitha Biswas,abdulnaik@example.com,0836821444,Delhi,2025-04-03
843,Vritti Dhawan,bkapadia@example.com,4620258254,Chennai,2024-11-26
844,Hitesh Deol,devdate@example.org,0491060183,Kolkata,2024-10-12
845,Ubika Pai,walianoah@example.com,8172257754,Chennai,2025-06-20
846,Ladli Dubey,nandalucky@example.net,8768316082,Ahmedabad,2024-10-24
847,Tanvi Kale,saanvikalla@example.net,0522299936,Mumbai,2026-02-20
848,Faqid Mitter,maanaskhalsa@example.org,5398358446,Delhi,2026-01-03
849,Theodore Edwin,pmann@example.org,4497912799,Pune,2025-08-27
850,Ria Boase,christophernarula@example.org,8713752988,Hyderabad,2024-07-01
851,Krish Patla,jbhagat@example.org,0048797888,Pune,2025-11-22
852,Kashish Varkey,qasim38@example.com,0304436199,Delhi,2024-07-31
853,Nicholas Kade,bajajmanthan@example.net,9501437483,Kolkata,2026-05-19
854,Ojasvi Singhal,kadexalak@example.org,2602213217,Delhi,2024-07-21
855,Gaurav D’Alia,rajaneha@example.org,2019072587,Delhi,2026-01-11
856,Balhaar Memon,raaginirai@example.com,8027481242,Ahmedabad,2024-06-27
857,Logan Nazareth,narainkrish@example.org,6209355610,Bangalore,2025-03-05
858,Watika Badal,karniksudiksha@example.org,4365858564,Hyderabad,2024-12-28
859,Nachiket Bal,vasatikabhagat@example.com,5927387402,Mumbai,2025-05-20
860,Raagini Sandhu,sacharvedant@example.org,4815542034,Mumbai,2024-09-14
861,Janani Ravi,xseth@example.com,9157955462,Chennai,2026-03-25
862,Laksh Krishnamurthy,asaraf@example.org,8018103068,Mumbai,2025-04-15
863,Gautam Suresh,pallavivarty@example.org,8157129015,Hyderabad,2024-11-08
864,Nilima Sethi,koshychatura@example.com,5104584743,Chennai,2025-12-08
865,Aryan Badal,wgopal@example.net,7669470318,Chennai,2025-11-13
866,Neha Dugar,bkumar@example.com,2159183270,Kolkata,2025-04-19
867,Pavani Chaudhry,ganga90@example.org,0797714004,Bangalore,2026-01-27
868,Anamika Aggarwal,zaid15@example.org,4998094976,Pune,2025-10-19
869,Dhruv Issac,rsarna@example.org,6984166123,Kolkata,2025-06-21
870,Amaira Kothari,owennaidu@example.com,3899499197,Bangalore,2024-10-16
871,Liam Bal,unnibehl@example.net,8211602041,Bangalore,2025-03-23
872,Manan Choudhury,saxenaanthony@example.net,8018644822,Bangalore,2025-07-20
873,Ria Tripathi,raksha08@example.org,0480675712,Delhi,2024-08-15
874,Neha Chand,dugaryasti@example.com,2968827697,Kolkata,2025-09-10
875,Veer Dalal,gaurang96@example.org,6078327488,Pune,2025-03-11
876,Triveni Rao,brindabath@example.net,4966834960,Ahmedabad,2025-02-07
877,Dhruv Sawhney,duahamsini@example.org,2259364882,Bangalore,2026-02-13
878,Amaira Warrior,swalia@example.net,9062467287,Pune,2025-05-06
879,Dev Chakraborty,ethan31@example.net,5923613376,Ahmedabad,2024-12-20
880,Aachal Nagi,rattangaurangi@example.net,2544724191,Hyderabad,2026-04-19
881,Bimala Mahal,sahaneelima@example.org,7182498980,Ahmedabad,2026-04-13
882,Triya Dhillon,magarfariq@example.com,6813592664,Hyderabad,2025-11-07
883,Meghana Sarraf,yashawini69@example.com,5594501192,Mumbai,2026-03-28
884,Jalsa Koshy,wbasu@example.org,7160398863,Ahmedabad,2025-04-25
885,Harish Varma,falak59@example.org,7000994248,Hyderabad,2024-07-16
886,Krisha Prashad,radhika67@example.com,5642045657,Bangalore,2026-05-04
887,Shravya Morar,timothy38@example.net,6235466226,Delhi,2024-09-02
888,Gaurika Palan,chatreshandra@example.net,2212242767,Ahmedabad,2024-09-22
889,Ekalinga Ramakrishnan,chawlafarhan@example.org,1158488600,Chennai,2025-06-13
890,Vasana Talwar,rohanbuch@example.org,7047264261,Hyderabad,2024-07-21
891,Zayan Karnik,ooommen@example.com,9680785254,Kolkata,2024-09-17
892,Viraj Thakur,zehaan54@example.org,6445475231,Hyderabad,2024-10-07
893,Bhavika Yogi,cchad@example.com,3342720388,Ahmedabad,2026-05-08
894,Irya Arora,bhavsarlila@example.org,4530693588,Hyderabad,2026-05-05
895,Ganga Karpe,advik01@example.net,6778481652,Pune,2026-05-23
896,Advika Lala,ibera@example.org,1799378105,Kolkata,2024-10-02
897,Yadavi Vala,libni99@example.net,9882904579,Ahmedabad,2025-01-09
898,Laksh Kulkarni,ckaul@example.org,4242383972,Delhi,2025-08-25
899,Matthew Chowdhury,zbalan@example.org,2880983221,Pune,2024-10-31
900,Parth Agate,bhatnagarlibni@example.com,6100898761,Kolkata,2026-03-07
901,Ranbir Pradhan,schander@example.org,8453198074,Chennai,2024-11-08
902,Dayamai Rege,guneet00@example.org,7620545967,Hyderabad,2026-05-12
903,Rajata Sant,rsami@example.org,0654113407,Hyderabad,2025-04-15
904,Upasna Barman,pillairobert@example.com,8348268999,Mumbai,2025-09-24
905,Alexander Wable,rachitavenkatesh@example.net,7879150596,Kolkata,2026-03-27
906,Suhani Purohit,khalsajonathan@example.org,2657898260,Hyderabad,2026-04-04
907,Jyoti Dewan,shenoyjalsa@example.com,1777412746,Mumbai,2024-08-24
908,Avni Chanda,bdevi@example.com,2297589170,Mumbai,2026-05-22
909,Henry Pal,kashish70@example.com,8209225709,Ahmedabad,2025-10-13
910,Theodore Oommen,dmaharaj@example.com,3247282895,Hyderabad,2024-08-18
911,Zinal Varughese,naveenlala@example.net,3126168507,Pune,2025-08-20
912,Gavin D’Alia,aarav92@example.com,1526105370,Chennai,2024-07-14
913,Turvi Bobal,rmurthy@example.org,7418948543,Pune,2025-06-08
914,Tanay Sachar,karan94@example.com,1619827348,Pune,2024-07-07
915,Gaurangi Bath,indirarau@example.org,1743574835,Hyderabad,2024-07-26
916,Anjali Saran,sanghvisara@example.org,4488384253,Bangalore,2026-05-21
917,Champak Narayanan,chatresh77@example.com,6579551562,Delhi,2025-12-28
918,Bahadurjit Zachariah,ekta10@example.com,0913111786,Mumbai,2024-09-28
919,Chakrika Saxena,rbhagat@example.net,2069535412,Hyderabad,2024-10-29
920,Dipta Parikh,annenakul@example.com,1515325947,Ahmedabad,2025-05-16
921,Caleb Tailor,savantrayaan@example.org,9805950310,Mumbai,2025-11-18
922,Daksha Arora,jagataggarwal@example.com,2036089411,Chennai,2026-05-17
923,Timothy Nayar,jagratipal@example.org,9520561006,Bangalore,2024-06-20
924,Mitali Sangha,borahlila@example.net,7403784233,Delhi,2025-09-04
925,Umang Bail,ramaswamyvritti@example.com,2550325017,Hyderabad,2024-12-25
926,Mahika Gour,hitesh78@example.com,9029233451,Chennai,2025-08-27
927,Oviya Batra,yash08@example.net,8430211667,Kolkata,2026-05-31
928,Baghyawati Natt,wnatt@example.net,5921299642,Bangalore,2026-03-26
929,Oni Gola,dhaliwaltanvi@example.com,8214770920,Pune,2026-02-22
930,Neel Kara,gollaranbir@example.com,1921581897,Bangalore,2024-08-22
931,Hitesh Choudhury,ikakar@example.com,8819597721,Chennai,2024-07-14
932,Harinakshi Khalsa,wwarrior@example.net,1869289728,Hyderabad,2026-04-13
933,Gopal Varkey,omsood@example.org,0283948232,Bangalore,2024-08-17
934,Arya Sur,siddharth28@example.net,1659930202,Hyderabad,2025-01-11
935,Theodore Deep,revatank@example.com,1353028165,Ahmedabad,2025-04-13
936,Aarnav Bhandari,vihaan77@example.com,6919832102,Hyderabad,2025-11-22
937,Upasna Misra,kbaria@example.net,1043841966,Chennai,2024-08-12
938,Jagat Saini,gatwal@example.org,6856670636,Delhi,2025-07-12
939,Janaki Pathak,mitterbhavini@example.com,0766349339,Ahmedabad,2025-01-30
940,Oliver Setty,kaiganguly@example.com,6114243625,Delhi,2025-11-15
941,Harrison Varma,wallawaida@example.net,9623419964,Bangalore,2025-02-28
942,Krish Manda,xgrover@example.net,5833343031,Pune,2025-07-02
943,Ayaan Prakash,kala76@example.net,7576945353,Kolkata,2025-06-11
944,Maya Raju,bbhatt@example.org,2125450809,Chennai,2025-07-09
945,Harita Goyal,udhar@example.com,6472130742,Delhi,2024-09-10
946,Pratyush Rajan,mangalcharles@example.net,8933261454,Kolkata,2025-08-24
947,Thomas Shankar,hemangbadami@example.org,7852211587,Mumbai,2025-02-12
948,Shaurya Patil,patrick68@example.com,4701732086,Hyderabad,2026-05-13
949,Turvi Sethi,qushiratta@example.net,6337014005,Delhi,2024-07-28
950,Jhalak Nanda,bansalaryan@example.org,2214257316,Ahmedabad,2024-12-03
951,Teerth Rao,talwarnitesh@example.org,1369552862,Chennai,2025-08-31
952,Yatin Padmanabhan,kashvipandey@example.net,3222739389,Hyderabad,2025-01-19
953,Urvi Kapadia,umang23@example.com,1850761087,Kolkata,2025-04-08
954,Jai Tiwari,ryanraj@example.org,0712615838,Chennai,2026-04-08
955,Radhika Lala,neha73@example.com,4223322280,Delhi,2024-12-24
956,Hiral Dube,pranavpandya@example.com,6295350637,Pune,2025-07-27
957,Anita Ranganathan,gmajumdar@example.org,7538418520,Ahmedabad,2024-10-23
958,Dakshesh Trivedi,mohini39@example.net,5615470554,Mumbai,2026-06-07
959,Jyoti Chadha,eloyal@example.org,5640919693,Chennai,2025-08-08
960,Ishita Goyal,soodaadi@example.org,4262019712,Pune,2024-08-05
961,Yagnesh Sani,ishere@example.net,6098731267,Delhi,2026-02-19
962,Kevin Sarma,dbala@example.com,8653394319,Ahmedabad,2025-02-04
963,Azaan Vala,qabil31@example.org,2191505764,Hyderabad,2026-02-21
964,Varsha Amble,agarwallogan@example.com,6448676497,Kolkata,2026-04-28
965,Oni Jaggi,bpalan@example.net,4500635537,Delhi,2026-01-05
966,Anita Sandhu,ucchalsastry@example.org,9529635305,Bangalore,2024-10-27
967,Inaya Choudhary,naveenshere@example.com,6431594898,Mumbai,2025-04-11
968,Baghyawati Sachdev,tkota@example.com,4344149169,Mumbai,2026-01-15
969,Aarna Majumdar,omane@example.net,6408822309,Hyderabad,2024-09-17
970,Tejas Walia,harish32@example.org,9720217075,Ahmedabad,2024-11-06
971,Nitara Prabhakar,urmi92@example.org,3004496461,Delhi,2025-08-24
972,Ayaan Dhaliwal,hredhaan21@example.org,5658963595,Delhi,2026-06-10
973,Farhan Kamdar,laljalsa@example.net,3456631138,Pune,2026-04-28
974,Chaman Goswami,nikitadugar@example.net,0334742463,Bangalore,2024-12-07
975,Ojasvi Thaman,bzachariah@example.org,2946902177,Kolkata,2024-12-31
976,Baljiwan Mittal,eiravatibhardwaj@example.org,8502289466,Ahmedabad,2026-01-14
977,Nathaniel Issac,kiaanvenkatesh@example.org,0202569133,Chennai,2024-11-27
978,Zehaan Rege,esastry@example.net,6750762799,Kolkata,2026-05-08
979,Oscar Mall,shivansh01@example.org,9847230342,Bangalore,2025-01-25
980,Ekansh Babu,shanicholas@example.org,4050764871,Kolkata,2026-03-12
981,Odika Cherian,aishanibedi@example.com,8387272581,Delhi,2025-09-18
982,Hemal Rajan,swalla@example.net,8237337912,Ahmedabad,2024-08-15
983,Jagdish Wali,cvarghese@example.org,8690170740,Kolkata,2025-03-10
984,Zayan Pant,eeshachoudhary@example.com,2227643387,Hyderabad,2025-03-17
985,Mason Dhawan,prashadpatrick@example.com,4963308334,Mumbai,2026-04-22
986,Dalaja Thakkar,mtrivedi@example.net,0470205968,Chennai,2026-01-26
987,Ranveer Sem,nkurian@example.net,6632956342,Pune,2025-02-12
988,Nathaniel Parmer,anaysahota@example.org,5812920592,Ahmedabad,2024-09-08
989,Ekantika Roy,brijeshdoshi@example.net,5963637262,Ahmedabad,2024-07-13
990,Krishna Borra,aashi98@example.org,1331380049,Pune,2024-07-29
991,Peter Doshi,ghosefaraj@example.com,8158268687,Chennai,2024-08-29
992,Eta Lala,ramachandrandayamai@example.com,0062987787,Delhi,2025-02-19
993,Neelima Manda,xmukhopadhyay@example.net,9623421926,Chennai,2024-11-07
994,Anay Mody,bathbhavani@example.org,8314789117,Chennai,2026-03-13
995,Arunima Vyas,dyalyoshita@example.net,1800366602,Mumbai,2025-03-07
996,Neel Zacharia,rishi86@example.org,0505243838,Kolkata,2025-11-27
997,Omisha Garg,bhasinshravya@example.com,2763328389,Hyderabad,2026-03-04
998,Nikita Chacko,ishaan86@example.org,7136841013,Pune,2024-11-13
999,Michael Chaudhary,ikshitagrover@example.com,8750677610,Delhi,2024-10-17
1000,Harish Lata,falandatta@example.com,6178159698,Ahmedabad,2025-03-08
